{
    "mae": 4994.730489583332,
    "rmse": 6257.46152203147,
    "r2": 0.6214028301460055,
    "mape": 14.136711794189052
}